<?xml version="1.0" encoding="utf-8"?>
<!DOCTYPE install PUBLIC "-//Joomla! 1.6//DTD template 1.0//EN" "http://www.joomla.org/xml/dtd/1.6/template-install.dtd">
<extension
	version="2.5"
	type="template"
	method="upgrade" client="site">
	<name>ja_vintas</name>
	<version>1.0.0</version>
	<creationDate>August 2012</creationDate>
	<author>JoomlArt.com</author>
	<authorEmail>webmaster@joomlart.com</authorEmail>
	<authorUrl>http://www.joomlart.com</authorUrl>
	<copyright>Copyright (C), J.O.O.M Solutions Co., Ltd. All Rights Reserved.</copyright>
	<license>license GNU/GPLv3 http://www.gnu.org/licenses/gpl-3.0.html</license>
	<description>	
	<![CDATA[
<p> <strong>JA Vintas Template</strong>  for Joomla 2.5 with Virtuemart 2.2.8.</p>

<p>Virtuemart is back in a Fashion shopping template for Joomla 2.5. Go online store with Joomla. JA Vintas has a clean and fresh design in a 
vintage style of color, neat way of presenting products and rich content types.</p>
<p>Smoothly tuning with the latest version of T3 Framework 2.5.4 and Virtuemart 2.2.8, JA Vintas is a powerful shopping template you can choose. 
As an enhancement, latest version of K2 component and Slideshow Lite will perfect the template. Want to open an online store? This is the template 
for you.</p>
<p>Note: JA Vintas does not support RTL language.</p>
</br>

<p><strong>Resources :</strong></p>

<p>
<a href='http://joomla25-templates.joomlart.com/ja_vintas/' title='Demo' target='_blank' > Demo</a> |
<a href='http://www.joomlart.com/forums/forumdisplay.php?380' title='forum' target='_blank' >Forum</a> |
<a href='http://wiki.joomlart.com/wiki/JA_T3_Framework_2/Overview' title='T3 wiki' target='_blank' >T3 Framework Wiki</a> |
<a href='http://update.joomlart.com' title='Updates' target='_blank' >Updates</a> |
<a href='http://pm.joomlart.com/browse/JATCVINTAS' title='Changelog' target='_blank' >JIRA</a> |
<a href='http://www.joomlart.com/forums/downloads.php?do=cat&id=452' title='Downloads' target='_blank' >Downloads</a> </p>
		]]>
	
	</description>
	<engine>t3</engine>
	<files>
		<filename>component.php</filename>
		<filename>offline.php</filename>
		<filename>error.php</filename>
		<filename>favicon.ico</filename>
		<filename>index.html</filename>
		<filename>index.php</filename>
		<filename>info.xml</filename>
		<filename>params.ini</filename>
		<filename>template_preview.png</filename>
		<filename>template_thumbnail.png</filename>
		<folder>language</folder>
		<folder>etc</folder>
		<folder>themes</folder>
		<folder>css</folder>
		<folder>images</folder>
		<folder>info</folder>
		<folder>blocks</folder>
		<folder>html</folder>
		<folder>fonts</folder>
	</files>
	
	<languages folder="language">
		<language tag="en-GB">en-GB/en-GB.tpl_ja_vintas.ini</language>
		<language tag="en-GB">en-GB/en-GB.tpl_ja_vintas.sys.ini</language>
	</languages>

	<positions>
		<position>hornav</position>
		<position>breadcrumbs</position>
		<position>search</position>
		<position>position-5</position>
		<position>position-7</position>
		<position>topbar</position>
		<position>user1</position>
		<position>user2</position>
		<position>user3</position>
		<position>user4</position>
		<position>user5</position>
		<position>user6</position>
		<position>user7</position>
		<position>slideshow</position>
		<position>banner</position>
		<position>twitter</position>
		<position>content-mass-bottom</position>
		<position>footer</position>
		<position>mega2</position>
		<position>top-panel</position>
	</positions>

	<config>
		<fields name="params" addfieldpath="/plugins/system/jat3/jat3/core/element">
		</fields>
    </config>
</extension>
