<?xml version="1.0" encoding="UTF-8" ?>
<extension type="file" method="upgrade" version="2.5">
    <name>VirtueMart_Plugins_Language_Pack - vi-VN</name>
    <version>2013-12-20-12-03-48</version>
    <creationDate>20.12.2013</creationDate>
    <author>VirtueMart language team</author>
    <authorEmail>max@virtuemart.net</authorEmail>
    <authorUrl>https://virtuemart.net</authorUrl>
    <copyright>© 2008-2013 - compojoom-com. All rights reserved!</copyright>
    <license>GNU General Public License version 2 or later; see LICENSE.txt</license>
    <packager>CTransifex</packager>
    <packagerurl>https://compojoom.com</packagerurl>
    <description>
        <![CDATA[This package was auto generated with CTransifex(https://compojoom.com). We've grabbed the latest language files for our extension from transifex.com.
        Special thanks to our translation team at (https://www.transifex.com/projects/p/virtuemart/) for helping with this VirtueMart translation!]]>
    </description>
    <fileset>
        <files folder="admin" target="administrator/language/vi-VN"><filename>vi-VN.plg_vmcalculation_avalara.ini</filename>
<filename>vi-VN.plg_vmpayment_authorizenet.ini</filename>
<filename>vi-VN.plg_vmpayment_authorizenet.sys.ini</filename>
<filename>vi-VN.plg_vmpayment_heidelpay.ini</filename>
<filename>vi-VN.plg_vmpayment_heidelpay.sys.ini</filename>
<filename>vi-VN.plg_vmpayment_klarna.ini</filename>
<filename>vi-VN.plg_vmpayment_klarna.sys.ini</filename>
<filename>vi-VN.plg_vmpayment_moneybookers.ini</filename>
<filename>vi-VN.plg_vmpayment_moneybookers_acc.sys.ini</filename>
<filename>vi-VN.plg_vmpayment_moneybookers_did.sys.ini</filename>
<filename>vi-VN.plg_vmpayment_moneybookers_gir.sys.ini</filename>
<filename>vi-VN.plg_vmpayment_moneybookers_idl.sys.ini</filename>
<filename>vi-VN.plg_vmpayment_moneybookers_obt.sys.ini</filename>
<filename>vi-VN.plg_vmpayment_moneybookers_pwy.sys.ini</filename>
<filename>vi-VN.plg_vmpayment_moneybookers_sft.sys.ini</filename>
<filename>vi-VN.plg_vmpayment_moneybookers_wlt.sys.ini</filename>
<filename>vi-VN.plg_vmpayment_paypal.ini</filename>
<filename>vi-VN.plg_vmpayment_paypal.sys.ini</filename>
<filename>vi-VN.plg_vmpayment_payzen.ini</filename>
<filename>vi-VN.plg_vmpayment_payzen.sys.ini</filename>
<filename>vi-VN.plg_vmpayment_sofort.ini</filename>
<filename>vi-VN.plg_vmpayment_sofort_ideal.ini</filename>
<filename>vi-VN.plg_vmpayment_systempay.ini</filename>
<filename>vi-VN.plg_vmpayment_systempay.sys.ini</filename></files>
        
    </fileset>
</extension>