{"template_color":"1","mainbody_frontpage":"only_mainbody","mainbody_subpage":"only_component","messages_position":"message-position-2","default_layout":"default","facebook_layout":"facebook","iphone_layout":"iphone","android_layout":"android","handheld_layout":"handheld","layout_override":"","template_width":"1000px","left_column_width":"25","left2_column_width":"50","right_column_width":"30","right2_column_width":"54","inset_column_width":"51","inset2_column_width":"30","user1_6_widest_value":"0","user1_6_widest":"user1","user7_12_widest_value":"0","user7_12_widest":"user7","top1_6_widest_value":"66","top1_6_widest":"top2","top7_12_widest_value":"0","top7_12_widest":"top7","bottom1_6_widest_value":"0","bottom1_6_widest":"bottom1","bottom7_12_widest_value":"0","bottom7_12_widest":"bottom7","font_name_group1":"standard;Arial, Helvetica, sans-serif","font_rules_group1":"body,\r\n#gkMainMenu > div.gk-menu > ul > li,\r\n#gkSubmenu,\r\n#gkSubmenuMod,\r\ndl#tabs dt h3,\r\n.gkCode3 h4,\r\n.vmGkCartModule .gkProductAttributes","font_name_group2":"google;Play","font_rules_group2":"#gkMainMenu,\r\n#gkPageTopFeatures,\r\n.gkDate > div.gkComments,\r\n#gkMainMenu > div.gk-menu > ul div.childcontent .group-title,\r\nh1,h2,h3,h4,h5,h6,\r\n.box.advertisement h3.header,\r\n.banneritem a,\r\n.bannergroup:first-line,\r\n.bannerfooter,\r\n.box.small h3.header,\r\n.box_menu.small h3.header,\r\n.box_text.small h3.header,\r\n.box_menu ul,\r\nul.gkTabs li,\r\n.vmGkCartModule .gkProductName,\r\n.vmGkCartModule .gkPrice,\r\n.vmGkCartModule .gkTotal,\r\n.nspLinks h4,\r\n.nspArt h4,\r\n.PricesalesPrice,\r\nspan.title","font_name_group3":"google;Open+Sans:700","font_rules_group3":".gkIsTextTitle,\r\n.gkIsWrapper-gk_eSport .gkIsPreloader span,\r\n.box h3.header, \r\n.box_menu h3.header, \r\n.box_text h3.header,\r\n.gkDate,\r\n.vmGkCartModule,\r\nbutton, .button, input[type=\"submit\"], input[type=\"button\"], div.mobileSwitch > a,\r\ntable.calendar tr td.calendarCurrentMonth,\r\n.featured-view h4,\r\n.latest-view h4,\r\n.topten-view h4,\r\n.related-products-view h4,\r\n.browse-view h1,\r\nh2.catSub,\r\n.vm-button-correct,\r\n#facebox .popup > div > div > a","logo_type":"css","mobile_logo_type":"css","logo_image":"images\/powered_by.png","mobile_logo_image":"","logo_text":"e-Sport","logo_slogan":"create a store","print_logo":"","print_behaviour":"nothing","favicon_image":"","stylearea":"1","framework_logo":"1","copyrights":"Template Design \u00a9 Joomla Templates | GavickPro. All rights reserved.","webmaster_contact":"dziudek@gavick.com","google_analytics":"","tools":"selected_disabled","tools_for_pages":"101=Disabled\r\n","mootools_for_pages":"","suffix_override":"","module_override":"","typography":"1","typo_iconset1":"1","menu_name":"mainmenu","menu_type":"gk_menu","startlevel":"0","endlevel":"-1","menu_animation":"slide_fade","menu_height":"1","menu_width":"1","menu_duration":"250","menu_override":"304=gk_menu\r\n305=gk_dropline\r\n306=gk_split\r\n","mobile_menu_name":"mobile-menu","mobile_login":"1","mobile_register":"1","mobile_desktop":"1","mobile_search":"1","mobile_collapsible":"1","fb_api_id":"171342606239806","fb_lang":"en_US","fb_login":"1","fb_like":"1","fb_like_send":"0","fb_like_layout":"standard","fb_like_show_faces":"false","fb_like_width":"320","fb_like_action":"like","fb_like_font":"verdana","fb_like_colorscheme":"light","google_plus":"1","google_plus_count":"1","google_plus_size":"medium","google_plus_lang":"en-GB","tweet_btn":"1","tweet_btn_data_count":"horizontal","tweet_btn_data_via":"","tweet_btn_data_lang":"en","digg_btn":"1","digg_btn_style":"DiggCompact","delicious_btn":"1","instapaper_btn":"1","excluded_arts":"","excluded_cats":["7","8","9"],"selectivizr":"0","reset_css":"meyer","use_gk_cache":"0","css_cache":"0","css_compression":"0","css_override":"0","css_custom":"","chrome_frame_support":"0","ie6bar":"1"}