{"template_color":"1","default_layout":"default","layout_override":"","layout_body_space":"20","template_width":"1000","tablet_width":"900","mobile_width":"540","box_paddings":"24","sidebar_position":"right","sidebar_width":"28","sidebar_width_for_pages":"","font_name_group1":"google;own;http:\/\/fonts.googleapis.com\/css?family=Oswald:300,400,700;Oswald","font_rules_group1":"th,\r\nbutton,\r\n.button,\r\nh1, h2, h3, h4, h5, h6,\r\n.gkMenu > ul > li,\r\nh3.header,\r\np.gkInfo1, p.gkTips1, p.gkWarning1, p.numblocks span,\r\n.pagination ul li,\r\n.PricesalesPrice,\r\n.catProductDetails,\r\n.showcart,\r\n.continue,\r\n.addtocart-button,\r\n.vm-button-correct,\r\ninput.default,\r\n.userfields_info,\r\n.gkShowCart,\r\ninput[type=\"button\"],\r\ninput[type=\"submit\"],\r\n.nspVmStore,\r\n.k2TagCloudBlock a,\r\n.product_price,\r\n.componentheading,\r\n .cart_subtotal td + td ","font_name_group2":"google;own;http:\/\/fonts.googleapis.com\/css?family=Russo+One;Russo One","font_rules_group2":"#gkLogo.text, article time, .itemComments h3, .catProductPrice .PricesalesPrice,\r\n.gkTotal","font_name_group3":"standard;Arial, Helvetica, sans-serif","font_rules_group3":"body, input","font_name_group4":"standard;Arial, Helvetica, sans-serif","font_rules_group4":".blank","logo_type":"css","logo_image":"","logo_text":"Bikestore","logo_slogan":"Responsive eShop","print_logo":"","print_behaviour":"nothing","favicon_image":"","register_link":"1","stylearea":"1","framework_logo":"1","copyrights":"","webmaster_contact":"webmaster@gavick.com","typography":"1","typo_iconset":"1","google_analytics":"","tools":"selected_disabled","tools_for_pages":"com_k2=enabled\r\n101=enabled\r\n","mootools_for_pages":"","suffix_override":"101=lightbg\r\n127=lightbg\r\n","module_override":"","menu_name":"mainmenu","startlevel":"0","endlevel":"-1","menu_animation":"slide_fade","menu_height":"1","menu_width":"1","menu_col_width":"220","menu_duration":"250","fb_api_id":"171342606239806","fb_lang":"en_US","fb_login":"1","fb_like":"1","fb_like_send":"1","fb_like_layout":"standard","fb_like_show_faces":"true","fb_like_width":"400","fb_like_action":"like","fb_like_font":"arial","fb_like_colorscheme":"light","google_plus":"1","google_plus_count":"1","google_plus_size":"medium","google_plus_lang":"en-GB","tweet_btn":"1","tweet_btn_data_count":"horizontal","tweet_btn_data_via":"","tweet_btn_data_lang":"en","pinterest_btn":"1","pinterest_btn_style":"horizontal","excluded_arts":"","excluded_cats":["7"],"cookie_consent":"0","consenttype":"explicit","cookie_latest_version":"0","cookie_use_ssl":"0","banner_position":"bottom","banner_tag_placement":"bottom-right","cookie_style":"light","refreshOnConsent":"0","cookiecss":"1","use_gk_cache":"0","css_cache":"0","css_compression":"0","css_override":"0","css_prefixer":"0","css_custom":"","chrome_frame_support":"0"}